Time (days),Pressure (kgf/cm²),Cumulative Production (m³),STOIIP/GIIP (m³ std),Eo,Eg,Efw,Et,F (m³)
0,234.12,0.00,N/A,N/A,N/A,N/A,N/A,N/A
365,221.47,523862.16,16792351.67,0.014560,0.071902,0.001595,0.054983,923286.11
730,210.92,938500.26,16713212.36,0.028700,0.129424,0.002925,0.101514,1696620.77
1095,200.37,1407352.92,17200692.73,0.046950,0.201326,0.004254,0.159920,2750741.66
1460,189.83,1828827.46,16755245.97,0.067730,0.287609,0.005584,0.228623,3830626.27
1825,179.28,2307378.33,16766879.90,0.093650,0.373892,0.006913,0.302465,5071387.73
2190,168.74,2818839.51,16975875.54,0.120700,0.474555,0.008242,0.385202,6539143.90
