Parameter,Value,Unit
Mean STOIIP/GIIP,16867376.36,m³ std
Median STOIIP/GIIP,16779615.79,m³ std
Std Dev,170753.18,m³ std
Min,16713212.36,m³ std
Max,17200692.73,m³ std
Coefficient of Variation,0.0101,
Count,6,points
,,
EXPANSION TERMS FOR ALL PRESSURE POINTS,,
Point,Pressure (kgf/cm²),Eo,Eg,Efw,Et,F (m³)
1,234.12,N/A,N/A,N/A,N/A,N/A
2,221.47,0.014560,0.071902,0.001595,0.054983,923286.11
3,210.92,0.028700,0.129424,0.002925,0.101514,1696620.77
4,200.37,0.046950,0.201326,0.004254,0.159920,2750741.66
5,189.83,0.067730,0.287609,0.005584,0.228623,3830626.27
6,179.28,0.093650,0.373892,0.006913,0.302465,5071387.73
7,168.74,0.120700,0.474555,0.008242,0.385202,6539143.90
