pressure,Bo,Rs,Bg,Bw,cw,cf
3330,1.2511,510,0.00087,1.02,3e-6,4e-6
3150,1.2353,477,0.00092,1.02,3e-6,4e-6
3000,1.2222,450,0.00096,1.02,3e-6,4e-6
2850,1.2122,425,0.00101,1.02,3e-6,4e-6
2700,1.2022,401,0.00107,1.02,3e-6,4e-6
2550,1.1922,375,0.00113,1.02,3e-6,4e-6
2400,1.1822,352,0.00120,1.02,3e-6,4e-6
